{"cameraMode":{"drawMode":0,"name":"Shaded","section":"Shading Mode"},"sceneLighting":false,"audioPlay":false,"sceneViewState":{"showFog":true,"showMaterialUpdate":false,"showSkybox":false,"showFlares":true,"showImageEffects":true,"showParticleSystems":true},"in2DMode":false,"pivot":{"x":-2.4618477821350099,"y":0.013981342315673828,"z":9.439054489135743},"rotation":{"x":-0.09694544225931168,"y":0.8417856097221375,"z":-0.16128948330879212,"w":-0.5059647560119629},"size":6.609208583831787,"orthographic":false}