{"cameraMode":{"drawMode":0,"name":"Shaded","section":"Shading Mode"},"sceneLighting":false,"audioPlay":false,"sceneViewState":{"showFog":true,"showMaterialUpdate":false,"showSkybox":false,"showFlares":true,"showImageEffects":true,"showParticleSystems":true},"in2DMode":false,"pivot":{"x":-0.060260772705078128,"y":6.429999828338623,"z":8.489999771118164},"rotation":{"x":-0.09694544225931168,"y":0.8417856097221375,"z":-0.16128948330879212,"w":-0.5059647560119629},"size":2.400017023086548,"orthographic":false}