{"cameraMode":{"drawMode":0,"name":"Shaded","section":"Shading Mode"},"sceneLighting":false,"audioPlay":false,"sceneViewState":{"showFog":true,"showMaterialUpdate":false,"showSkybox":false,"showFlares":true,"showImageEffects":true,"showParticleSystems":true},"in2DMode":false,"pivot":{"x":6.507359027862549,"y":1.4051446914672852,"z":-1.6544969081878663},"rotation":{"x":-0.09694544225931168,"y":0.8417856097221375,"z":-0.16128948330879212,"w":-0.5059647560119629},"size":1.4651697874069214,"orthographic":false}