{"cameraMode":{"drawMode":0,"name":"Shaded","section":"Shading Mode"},"sceneLighting":true,"audioPlay":false,"sceneViewState":{"showFog":true,"showMaterialUpdate":false,"showSkybox":true,"showFlares":true,"showImageEffects":true,"showParticleSystems":true},"in2DMode":false,"pivot":{"x":-3.167695999145508,"y":13.245553970336914,"z":13.206806182861329},"rotation":{"x":-0.16162699460983277,"y":-0.28788307309150698,"z":0.049361664801836017,"w":-0.942645788192749},"size":26.780651092529298,"orthographic":false}