{"cameraMode":{"drawMode":0,"name":"Shaded","section":"Shading Mode"},"sceneLighting":false,"audioPlay":false,"sceneViewState":{"showFog":true,"showMaterialUpdate":false,"showSkybox":false,"showFlares":true,"showImageEffects":true,"showParticleSystems":true},"in2DMode":false,"pivot":{"x":0.7417300343513489,"y":-4.495673179626465,"z":-4.120411396026611},"rotation":{"x":-0.003758196020498872,"y":0.9337172508239746,"z":-0.35786476731300356,"w":-0.009803841821849347},"size":9.93742847442627,"orthographic":false}