{"cameraMode":{"drawMode":0,"name":"Shaded","section":"Shading Mode"},"sceneLighting":false,"audioPlay":false,"sceneViewState":{"showFog":true,"showMaterialUpdate":false,"showSkybox":false,"showFlares":true,"showImageEffects":true,"showParticleSystems":true},"in2DMode":false,"pivot":{"x":0.5841254591941834,"y":-0.5268003940582275,"z":4.6925201416015629},"rotation":{"x":-0.008117982186377049,"y":0.9908705353736877,"z":-0.1149573102593422,"w":-0.06997231394052506},"size":7.088723659515381,"orthographic":false}