{"cameraMode":{"drawMode":0,"name":"Shaded","section":"Shading Mode"},"sceneLighting":false,"audioPlay":false,"sceneViewState":{"showFog":true,"showMaterialUpdate":false,"showSkybox":false,"showFlares":true,"showImageEffects":true,"showParticleSystems":true},"in2DMode":false,"pivot":{"x":3.7246766090393068,"y":8.8100004196167,"z":-18.182947158813478},"rotation":{"x":-0.09694544225931168,"y":0.8417856097221375,"z":-0.16128948330879212,"w":-0.5059647560119629},"size":4.985599517822266,"orthographic":false}