{"cameraMode":{"drawMode":0,"name":"Shaded","section":"Shading Mode"},"sceneLighting":false,"audioPlay":false,"sceneViewState":{"showFog":true,"showMaterialUpdate":false,"showSkybox":false,"showFlares":true,"showImageEffects":true,"showParticleSystems":true},"in2DMode":false,"pivot":{"x":0.3257606327533722,"y":-4.338437557220459,"z":5.371066570281982},"rotation":{"x":-0.25648707151412966,"y":0.7131977081298828,"z":-0.3226195275783539,"w":-0.5670092701911926},"size":9.605072021484375,"orthographic":false}