{"cameraMode":{"drawMode":0,"name":"Shaded","section":"Shading Mode"},"sceneLighting":false,"audioPlay":false,"sceneViewState":{"showFog":true,"showMaterialUpdate":false,"showSkybox":false,"showFlares":true,"showImageEffects":true,"showParticleSystems":true},"in2DMode":false,"pivot":{"x":-1.2447314262390137,"y":-3.1194522380828859,"z":9.097711563110352},"rotation":{"x":0.013411736115813256,"y":0.9846084117889404,"z":-0.1506321132183075,"w":0.0876649022102356},"size":7.088723659515381,"orthographic":false}