{"cameraMode":{"drawMode":0,"name":"Shaded","section":"Shading Mode"},"sceneLighting":false,"audioPlay":false,"sceneViewState":{"showFog":true,"showMaterialUpdate":false,"showSkybox":false,"showFlares":true,"showImageEffects":true,"showParticleSystems":true},"in2DMode":false,"pivot":{"x":-5.602985382080078,"y":0.7586134076118469,"z":6.674001216888428},"rotation":{"x":0.004321547690778971,"y":0.9789838790893555,"z":-0.2028461992740631,"w":0.02085665799677372},"size":7.407716274261475,"orthographic":false}